브랜드,상품명,가격,좋아요,평점,상품 링크,이미지 링크
오퍼스 0012,Op. 07 IXO T-SHIRTS WHITE,멤버스데이,15%,5.0,https://www.musinsa.com/products/4896752,https://image.msscdn.net/thumbnails/images/goods_img/20250313/4896752/4896752_17428659618160_big.jpg?w=780
지프,[190g] M-Logo 그래픽 반팔 티 (JR5TSU173WH),멤버스데이,40%,4.7,https://www.musinsa.com/products/1356896,https://image.msscdn.net/thumbnails/images/goods_img/20200318/1356896/1356896_17477222815980_big.jpg?w=780
오언더알,RIDING BIKE CAT 오버핏 반팔 티셔츠 (화이트),멤버스데이,55%,4.7,https://www.musinsa.com/products/5182568,https://image.msscdn.net/thumbnails/images/goods_img/20250613/5182568/5182568_17497786695276_big.jpg?w=780
리,스몰 트위치 로고 2PACK 티셔츠 컬러 믹스,멤버스데이,25%,4.8,https://www.musinsa.com/products/4705968,https://image.msscdn.net/thumbnails/images/goods_img/20250108/4705968/4705968_17376951200864_big.jpg?w=780
로긴 앤 로지,Ribbon Printed Slim Ringer T-shirt Ivory,멤버스데이,50%,4.7,https://www.musinsa.com/products/5038896,https://image.msscdn.net/thumbnails/images/goods_img/20250417/5038896/5038896_17500637164404_big.jpg?w=780
어반디타입,썬 아웃 레터링 테리 링거 티셔츠_3color,멤버스데이,80%,4.8,https://www.musinsa.com/products/4960609,https://image.msscdn.net/thumbnails/images/goods_img/20250328/4960609/4960609_17491074570811_big.jpg?w=780
이자벨마랑,즈웰 반소매 티셔츠 - 화이트 / TS0001FBA1N09E20WH,이자벨마랑,71%,5.0,https://www.musinsa.com/products/4719112,https://image.msscdn.net/thumbnails/images/goods_img/20250114/4719112/4719112_17376006685385_big.jpg?w=780
위드썸,현생 사는 법 성실함 티셔츠,위드썸,50%,4.9,https://www.musinsa.com/products/4998035,https://image.msscdn.net/thumbnails/images/goods_img/20250408/4998035/4998035_17482438340206_big.jpg?w=780
로긴 앤 로지,Logo Spell Point Starry Ringer T-shirt Blue,멤버스데이,50%,4.3,https://www.musinsa.com/products/5168487,https://image.msscdn.net/thumbnails/images/goods_img/20250605/5168487/5168487_17503836365964_big.png?w=780
비바라비다,Austin 반팔 티셔츠,멤버스데이,30%,4.9,https://www.musinsa.com/products/5123733,https://image.msscdn.net/thumbnails/images/goods_img/20250519/5123733/5123733_17513503494300_big.jpg?w=780
렌세,Back Point Boat Neck Half Tee Red,멤버스데이,20%,4.7,https://www.musinsa.com/products/4766218,https://image.msscdn.net/thumbnails/images/goods_img/20250206/4766218/4766218_17398725070938_big.jpg?w=780
더콜디스트모먼트,TCM starfish logo crop T (sky blue),멤버스데이,50%,4.9,https://www.musinsa.com/products/3982750,https://image.msscdn.net/thumbnails/images/goods_img/20240322/3982750/3982750_17114964650970_big.jpg?w=780
필루미네이트,오버핏 하트 티셔츠-화이트,필루미네이트,59%,4.8,https://www.musinsa.com/products/3125099,https://image.msscdn.net/thumbnails/images/goods_img/20230306/3125099/3125099_17254981076872_big.jpg?w=780
더콜디스트모먼트,TCM forest T (white),멤버스데이,50%,4.8,https://www.musinsa.com/products/4078170,https://image.msscdn.net/thumbnails/images/goods_img/20240423/4078170/4078170_17167648042551_big.png?w=780
프렌다,97PDC LOGO LACE NECK TEE SKY BLUE,멤버스데이,41%,4.8,https://www.musinsa.com/products/4992942,https://image.msscdn.net/thumbnails/images/goods_img/20250407/4992942/4992942_17446852328177_big.jpg?w=780
지프,[2PACK] 190g 싱글 에어그램 반팔 티셔츠 (JR5TSU159BK),멤버스데이,50%,4.8,https://www.musinsa.com/products/2518417,https://image.msscdn.net/thumbnails/images/goods_img/20220427/2518417/2518417_17406395055563_big.jpg?w=780
로긴 앤 로지,Heart Printed Cotton Ragian T-shirt Gray-Navy,멤버스데이,52%,4.7,https://www.musinsa.com/products/5168534,https://image.msscdn.net/thumbnails/images/goods_img/20250605/5168534/5168534_17506514407704_big.png?w=780
디미트리블랙,VLAD 2WAY 투톤 반팔 집업 니트_베이지,멤버스데이,41%,4.4,https://www.musinsa.com/products/5071834,https://image.msscdn.net/thumbnails/images/goods_img/20250428/5071834/5071834_17465923425658_big.jpg?w=780
아메스 월드와이드,ROUND HEM CROP TEE KHAKI,멤버스데이,20%,4.8,https://www.musinsa.com/products/4773448,https://image.msscdn.net/thumbnails/images/goods_img/20250210/4773448/4773448_17449586127587_big.jpg?w=780
어반디타입,[미홀 PICK] 풋볼 져지 티셔츠_화이트,멤버스데이,36%,4.8,https://www.musinsa.com/products/3901720,https://image.msscdn.net/thumbnails/images/goods_img/20240226/3901720/3901720_17521968601813_big.jpg?w=780
트래블,워크샵 스탠다드 피그먼트 반팔티 크림,트래블,30%,4.8,https://www.musinsa.com/products/3047767,https://image.msscdn.net/thumbnails/images/goods_img/20230130/3047767/3047767_16765901841868_big.jpg?w=780
워크온바디오프,아쿠아빗 쿨링 솔리드 오버핏 반팔 티셔츠 [차콜],워크온바디오프,53%,4.9,https://www.musinsa.com/products/5005238,https://image.msscdn.net/thumbnails/images/goods_img/20250409/5005238/5005238_17497135474814_big.jpg?w=780
튜드먼트,[꼬민지PICK] CAKE BEAR TEE CHARCOAL,멤버스데이,10%,4.9,https://www.musinsa.com/products/5002055,https://image.msscdn.net/thumbnails/images/goods_img/20250408/5002055/5002055_17471177398505_big.jpg?w=780
챔피온,빅 로고 피그먼트 반팔 티셔츠 Blue,멤버스데이,30%,4.9,https://www.musinsa.com/products/5180274,https://image.msscdn.net/thumbnails/images/goods_img/20250612/5180274/5180274_17530618302025_big.jpg?w=780
라우디,Rowdys Beach Bar T-Shirt_Oatmeal,멤버스데이,40%,4.7,https://www.musinsa.com/products/5016592,https://image.msscdn.net/thumbnails/images/goods_img/20250411/5016592/5016592_17459114750126_big.jpg?w=780
허프,SMALL ARCH LOGO TEE [2colors],멤버스데이,45%,4.8,https://www.musinsa.com/products/4274181,https://image.msscdn.net/thumbnails/images/goods_img/20240725/4274181/4274181_17502157275319_big.jpg?w=780
모즈모즈,[SET] 그래픽 피그먼트 오버핏 반팔티셔츠 PART04,멤버스데이,40%,4.8,https://www.musinsa.com/products/4782996,https://image.msscdn.net/thumbnails/images/goods_img/20250212/4782996/4782996_17419458346504_big.jpg?w=780
에드워드벌룬,ESSENTIAL BASIC TEE_7color 에센셜 반팔 티셔츠,멤버스데이,25%,4.7,https://www.musinsa.com/products/5107622,https://image.msscdn.net/thumbnails/images/goods_img/20250513/5107622/5107622_17509139837785_big.jpg?w=780
다미쉬,썬앤문 레터링 헨리넥_화이트,멤버스데이,34%,4.9,https://www.musinsa.com/products/5158575,https://image.msscdn.net/thumbnails/images/goods_img/20250530/5158575/5158575_17526194958935_big.jpg?w=780
